{"metrics": {"mean_squared_error": {"value": 24874885.755458545}, "r2_score": {"value": 0.8512063541126482}, "mean_absolute_error": {"value": 2133.2339649697265}}}